<?xml version="1.0" encoding="UTF-8"?>
<metadata xml:lang="en"><Esri><CreaDate>20180626</CreaDate><CreaTime>16084800</CreaTime><ArcGISFormat>1.0</ArcGISFormat><SyncOnce>TRUE</SyncOnce><DataProperties><lineage><Process ToolSource="c:\program files (x86)\arcgis\desktop10.3\ArcToolbox\Toolboxes\Data Management Tools.tbx\CalculateField" Date="20180626" Time="160848">CalculateField Whittaker_etal_2015_LIPs GPGIM_TYPE "gpml:LargeIgneousProvince" VB #</Process><Process ToolSource="c:\program files (x86)\arcgis\desktop10.3\ArcToolbox\Toolboxes\Data Management Tools.tbx\CalculateField" Date="20180626" Time="171351">CalculateField Whittaker_etal_2015_LIPs IMPORT_AGE 0 VB #</Process></lineage></DataProperties></Esri></metadata>
